node.1	52
node.2	1
node.3	1
node.4	27
node.5	1
node.6	1
node.7	154
node.8	1
node.9	1
node.10	166
node.11	1
node.12	1
node.13	396
node.14	1
node.15	1
node.16	58
node.17	1
node.18	1
node.19	320
node.20	1
node.21	1
node.22	1
node.23	1
node.24	24
node.25	1
node.26	1
node.27	64
node.28	1
node.29	1
node.30	93
node.31	1
node.32	1
node.33	154
node.34	1
node.35	1
node.36	581
node.37	1
node.38	1
node.39	316
node.40	1
node.41	1
node.42	563
node.43	1
node.44	1
node.45	136
node.46	1
node.47	1
node.48	18
node.49	1
node.50	1
node.51	1
node.52	3
node.53	1
node.54	71
node.55	1
node.56	1
node.57	21
node.58	1
node.59	1
node.60	140
node.61	1
node.62	1
node.63	182
node.64	1
node.65	1
node.66	24
node.67	1
node.68	1
node.69	27
node.70	1
node.71	1
node.72	1
node.73	29
node.74	1
node.75	120
node.76	1
node.77	1
node.78	11
node.79	5
node.80	210
node.81	2
node.82	242
node.83	1
node.84	1
node.85	104
node.86	1
node.87	1
node.88	1
node.89	7
node.90	1
node.91	460
node.92	1
node.93	1
node.94	337
node.95	1
node.96	1
node.97	116
node.98	1
node.99	3
node.100	25
node.101	4
node.102	2
node.103	2
node.104	2
node.105	2
node.106	2
node.107	49
node.108	1
node.109	1
node.110	254
node.111	1
node.112	58
node.113	1
node.114	1
node.115	256
node.116	2
node.117	1
node.118	12
node.119	1
node.120	13
node.121	1
node.122	1
node.123	63
node.124	2
node.125	4
node.126	2
node.127	2
node.128	2
node.129	2
node.130	2
node.131	78
node.132	1
node.133	1
node.134	56
node.135	1
node.136	1
node.137	100
node.138	1
node.139	1
node.140	467
node.141	1
node.142	1
node.143	29
node.144	1
node.145	1
node.146	79
node.147	1
node.148	1
node.149	154
node.150	1
node.151	1
node.152	236
node.153	1
node.154	1
node.155	57
node.156	1
node.157	1
node.158	68
node.159	1
node.160	1
node.161	6
node.162	1
node.163	1
node.164	9
node.165	1
node.166	1
node.167	136
node.168	1
node.169	1
node.170	1
node.171	1
node.172	429
node.173	1
node.174	1
node.175	63
node.176	1
node.177	1
node.178	59
node.179	1
node.180	2
node.181	1
node.182	1
node.183	304
node.184	1
node.185	1
node.186	77
node.187	1
node.188	1
node.189	9
node.190	1
node.191	1
node.192	1
node.193	392
node.194	1
node.195	1
node.196	380
node.197	1
node.198	1
node.199	53
node.200	1
node.201	1
node.202	215
node.203	1
node.204	1
node.205	139
node.206	1
node.207	2
node.208	1
node.209	1
node.210	1
node.211	1
node.212	1
node.213	390
node.214	1
node.215	1
node.216	180
node.217	1
node.218	1
node.219	113
node.220	1
node.221	1
node.222	151
node.223	1
node.224	1
node.225	84
node.226	16
node.227	7
node.228	1
node.229	1
node.230	1
node.231	12
node.232	1
node.233	568
node.234	6
node.235	1
node.236	1
node.237	1
node.238	2
node.239	328
node.240	1
node.241	1
node.242	373
node.243	1
node.244	490
node.245	1
node.246	1
node.247	45
node.248	1
node.249	1
node.250	80
node.251	1
node.252	1
node.253	123
node.254	1
node.255	1
node.256	461
node.257	1
node.258	138
node.259	1
node.260	1
node.261	1
node.262	1
node.263	28
node.264	1
node.265	48
node.266	1
node.267	1
node.268	1
node.269	7
node.270	1
node.271	22
node.272	1
node.273	1
node.274	12
node.275	1
node.276	1
node.277	88
node.278	1
node.279	1
node.280	109
node.281	1
node.282	1
node.283	245
node.284	1
node.285	1
node.286	166
node.287	1
node.288	1
node.289	16
node.290	1
node.291	1
node.292	76
node.293	1
node.294	1
node.295	315
node.296	1
node.297	1
node.298	275
node.299	1
node.300	1
node.301	27
node.302	1
node.303	1
node.304	3
node.305	4
node.306	1
node.307	5
node.308	1
node.309	245
node.310	1
node.311	12
node.312	1
node.313	1
node.314	182
node.315	1
node.316	1
node.317	278
node.318	1
node.319	1
node.320	12
node.321	2
node.322	1
node.323	1
node.324	3
node.325	1
node.326	1
node.327	1
node.328	1
node.329	213
node.330	1
node.331	1
node.332	13
node.333	1
node.334	1
node.335	1
node.336	27
node.337	1
node.338	66
node.339	1
node.340	9
node.341	1
node.342	1
node.343	1
node.344	15
node.345	1
node.346	2
node.347	9
node.348	1
node.349	1
node.350	89
node.351	32
node.352	1
node.353	45
node.354	1
node.355	119
node.356	1
node.357	1
node.358	60
node.359	1
node.360	1
node.361	301
node.362	129
node.363	5
node.364	315
node.365	1
node.366	1
node.367	1
node.368	2
node.369	1
node.370	2
node.371	84
node.372	1
node.373	1
node.374	26
node.375	1
node.376	1
node.377	197
node.378	1
node.379	1
node.380	58
node.381	1
node.382	1
node.383	1
node.384	14
node.385	1
node.386	78
node.387	1
node.388	1
node.389	186
node.390	1
node.391	1
node.392	40
node.393	1
node.394	1
node.395	64
node.396	1
node.397	1
node.398	212
node.399	1
node.400	1
node.401	96
node.402	1
node.403	1
node.404	1
node.405	1
node.406	1
node.407	26
node.408	1
node.409	80
node.410	1
node.411	1
node.412	47
node.413	1
node.414	1
node.415	67
node.416	1
node.417	1
node.418	4
node.419	1
node.420	4
node.421	1
node.422	1
node.423	1
node.424	1
node.425	1
node.426	1
node.427	2
node.428	1
node.429	1
node.430	1
node.431	1
node.432	1
node.433	1
node.434	11
node.435	1
node.436	1
node.437	2
node.438	4
node.439	1
node.440	1
node.441	1
node.442	1
node.443	255
node.444	10
node.445	1
node.446	1
node.447	1
node.448	1
node.449	103
node.450	1
node.451	1
node.452	1
node.453	11
node.454	1
node.455	81
node.456	1
node.457	1
node.458	1
node.459	12
node.460	1
node.461	413
node.462	1
node.463	46
node.464	1
node.465	1
node.466	41
node.467	1
node.468	85
node.469	1
node.470	538
node.471	1
node.472	1
node.473	189
node.474	1
node.475	1
node.476	514
node.477	1
node.478	53
node.479	1
node.480	4
node.481	134
node.482	1
node.483	1
node.484	66
node.485	1
node.486	67
node.487	1
node.488	1
node.489	388
node.490	1
node.491	1
node.492	66
node.493	1
node.494	1
node.495	298
node.496	1
node.497	274
node.498	1
node.499	1
node.500	72
node.501	6
node.502	46
node.503	1
node.504	1
node.505	6
node.506	1
node.507	1
node.508	345
node.509	1
node.510	1
node.511	22
node.512	1
node.513	1
node.514	95
node.515	1
node.516	1
node.517	164
node.518	1
node.519	1
node.520	11
node.521	1
node.522	1
node.523	23
node.524	1
node.525	1
node.526	9
node.527	1
node.528	1
node.529	156
node.530	1
node.531	173
node.532	1
node.533	1
node.534	194
node.535	1
node.536	1
node.537	1
node.538	1
node.539	1
node.540	149
node.541	1
node.542	1
node.543	22
node.544	1
node.545	296
node.546	1
node.547	1
node.548	86
node.549	1
node.550	1
node.551	47
node.552	1
node.553	1
node.554	263
node.555	1
node.556	1
node.557	95
node.558	1
node.559	1
node.560	66
node.561	1
node.562	1
node.563	241
node.564	1
node.565	1
node.566	4
node.567	2
node.568	277
node.569	1
node.570	82
node.571	1
node.572	1
node.573	108
node.574	1
node.575	1
node.576	30
node.577	1
node.578	1
node.579	99
node.580	1
node.581	1
node.582	169
node.583	1
node.584	1
node.585	178
node.586	1
node.587	1
node.588	332
node.589	1
node.590	247
node.591	1
node.592	1
node.593	1
node.594	21
node.595	1
node.596	197
node.597	1
node.598	1
node.599	6
node.600	1
node.601	1
node.602	71
node.603	1
node.604	1
node.605	1
node.606	2
node.607	2
node.608	1
node.609	1
node.610	1
node.611	2
node.612	1
node.613	1
node.614	3
node.615	1
node.616	1
node.617	4
node.618	1
node.619	1
node.620	9
node.621	1
node.622	1
node.623	1
node.624	1
node.625	1
node.626	1
node.627	1
node.628	1
node.629	1
node.630	1
node.631	1
node.632	1
node.633	19
node.634	3
node.635	6
node.636	1
node.637	1
node.638	1
node.639	1
node.640	1
node.641	1
node.642	1
node.643	1
node.644	1
node.645	1
node.646	1
node.647	1
node.648	1
node.649	1
node.650	1
node.651	1
node.652	1
node.653	1
node.654	1
node.655	1
node.656	1
node.657	15
node.658	1
node.659	7
node.660	3
node.661	1
node.662	1
node.663	1
node.664	1
node.665	1
node.666	2
node.667	21
node.668	1
node.669	1
node.670	28
node.671	1
node.672	1
node.673	35
node.674	1
node.675	1
node.676	20
node.677	1
node.678	1
node.679	1
node.680	3
node.681	1
node.682	14
node.683	1
node.684	1
node.685	56
node.686	1
node.687	1
node.688	129
node.689	1
node.690	1
node.691	101
node.692	1
node.693	1
node.694	114
node.695	1
node.696	1
node.697	33
node.698	1
node.699	1
node.700	82
node.701	1
node.702	1
node.703	226
node.704	1
node.705	1
node.706	135
node.707	1
node.708	1
node.709	297
node.710	1
node.711	1
node.712	416
node.713	1
node.714	1
node.715	441
node.716	1
node.717	1
node.718	32
node.719	1
node.720	1
node.721	130
node.722	1
node.723	1
node.724	189
node.725	1
node.726	1
node.727	1
node.728	11
node.729	1
node.730	5
node.731	1
node.732	1
node.733	211
node.734	1
node.735	1
node.736	93
node.737	1
node.738	1
node.739	89
node.740	1
node.741	1
node.742	18
node.743	1
node.744	1
node.745	338
node.746	1
node.747	1
node.748	169
node.749	1
node.750	1
node.751	147
node.752	1
node.753	1
node.754	185
node.755	1
node.756	1
node.757	69
node.758	1
node.759	8
node.760	1
node.761	1
node.762	96
node.763	1
node.764	1
node.765	62
node.766	1
node.767	1
node.768	1
node.769	505
node.770	1
node.771	1
node.772	81
node.773	1
node.774	1
node.775	38
node.776	1
node.777	82
node.778	1
node.779	1
node.780	1
node.781	141
node.782	1
node.783	1
node.784	279
node.785	1
node.786	1
node.787	514
node.788	1
node.789	1
node.790	76
node.791	1
node.792	1
node.793	5
node.794	1
node.795	1
node.796	150
node.797	1
node.798	268
node.799	1
node.800	1
node.801	17
node.802	1
node.803	1
node.804	1
node.805	19
node.806	1
node.807	27
node.808	1
node.809	1
node.810	94
node.811	1
node.812	1
node.813	209
node.814	1
node.815	1
node.816	4
node.817	1
node.818	1
node.819	323
node.820	1
node.821	1
node.822	363
node.823	1
node.824	1
node.825	205
node.826	1
node.827	1
node.828	42
node.829	1
node.830	1
node.831	12
node.832	1
node.833	1
node.834	468
node.835	1
node.836	1
node.837	165
node.838	1
node.839	1
node.840	95
node.841	1
node.842	1
node.843	99
node.844	1
node.845	1
node.846	1085
node.847	1
node.848	1
node.849	120
node.850	1
node.851	1
node.852	85
node.853	1
node.854	1
node.855	115
node.856	1
node.857	1
node.858	124
node.859	1
node.860	1
node.861	999
node.862	1
node.863	22
node.864	1
node.865	34
node.866	75
node.867	1
node.868	1
node.869	181
node.870	1
node.871	1
node.872	153
node.873	1
node.874	1
node.875	133
node.876	1
node.877	1
node.878	179
node.879	1
node.880	1
node.881	67
node.882	1
node.883	1
node.884	1
node.885	1
node.886	1
node.887	143
node.888	1
node.889	1
node.890	152
node.891	1
node.892	1
node.893	567
node.894	1
node.895	1
node.896	240
node.897	1
node.898	1
node.899	154
node.900	1
node.901	1
node.902	44
node.903	1
node.904	1
node.905	29
node.906	1
node.907	1
node.908	490
node.909	1
node.910	1
node.911	223
node.912	1
node.913	1
node.914	183
node.915	1
node.916	1
node.917	31
node.918	1
node.919	1
node.920	101
node.921	1
node.922	1
node.923	232
node.924	1
node.925	1
node.926	1
node.927	3
node.928	1
node.929	146
node.930	1
node.931	1
node.932	137
node.933	1
node.934	1
node.935	112
node.936	1
node.937	1
node.938	144
node.939	1
node.940	1
node.941	116
node.942	1
node.943	1
node.944	783
node.945	1
node.946	1
node.947	368
node.948	1
node.949	1
node.950	10
node.951	1
node.952	1
node.953	32
node.954	1
node.955	1
node.956	113
node.957	1
node.958	1
node.959	62
node.960	1
node.961	1
node.962	32
node.963	1
node.964	1
node.965	241
node.966	1
node.967	29
node.968	1
node.969	1
node.970	18
node.971	1
node.972	1
node.973	21
node.974	1
node.975	1
node.976	105
node.977	1
node.978	1
node.979	64
node.980	1
node.981	730
node.982	1
node.983	1
node.984	180
node.985	1
node.986	1
node.987	24
node.988	1
node.989	1
node.990	35
node.991	1
node.992	1
node.993	48
node.994	1
node.995	1
node.996	320
node.997	1
node.998	1
node.999	92
node.1000	1
node.1001	1
node.1002	80
node.1003	1
node.1004	1
node.1005	1
node.1006	184
node.1007	1
node.1008	1
node.1009	274
node.1010	1
node.1011	300
node.1012	1
node.1013	1
node.1014	120
node.1015	1
node.1016	88
node.1017	1
node.1018	1
node.1019	248
node.1020	1
node.1021	1
node.1022	48
node.1023	1
node.1024	1
node.1025	16
node.1026	1
node.1027	1
node.1028	256
node.1029	1
node.1030	1
node.1031	207
node.1032	1
node.1033	1
node.1034	69
node.1035	1
node.1036	1
node.1037	314
node.1038	1
node.1039	1
node.1040	230
node.1041	6
node.1042	473
node.1043	1
node.1044	1
node.1045	276
node.1046	1
node.1047	22
node.1048	1
node.1049	1
node.1050	110
node.1051	1
node.1052	1
node.1053	51
node.1054	1
node.1055	1
node.1056	82
node.1057	1
node.1058	1
node.1059	156
node.1060	1
node.1061	1
node.1062	363
node.1063	1
node.1064	1
node.1065	190
node.1066	1
node.1067	1
node.1068	272
node.1069	1
node.1070	1
node.1071	24
node.1072	1
node.1073	1
node.1074	40
node.1075	1
node.1076	1
node.1077	15
node.1078	1
node.1079	1
node.1080	417
node.1081	1
node.1082	67
node.1083	1
node.1084	1
node.1085	80
node.1086	1
node.1087	1
node.1088	5
node.1089	1
node.1090	247
node.1091	1
node.1092	1
node.1093	59
node.1094	1
node.1095	1
node.1096	1067
node.1097	1
node.1098	1
node.1099	645
node.1100	1
node.1101	1
node.1102	533
node.1103	1
node.1104	1
node.1105	108
node.1106	1
node.1107	1
node.1108	176
node.1109	1
node.1110	1
node.1111	177
node.1112	1
node.1113	1
node.1114	58
node.1115	1
node.1116	1
node.1117	15
node.1118	1
node.1119	1
node.1120	58
node.1121	1
node.1122	49
node.1123	1
node.1124	1
node.1125	1
node.1126	9
node.1127	1
node.1128	1
node.1129	1
node.1130	1
node.1131	6
node.1132	1
node.1133	66
node.1134	1
node.1135	1
node.1136	18
node.1137	1
node.1138	1
node.1139	1
node.1140	1
node.1141	213
node.1142	1
node.1143	1
node.1144	155
node.1145	1
node.1146	1
node.1147	12
node.1148	1
node.1149	1
node.1150	9
node.1151	1
node.1152	1
node.1153	45
node.1154	1
node.1155	1
node.1156	34
node.1157	1
node.1158	1
node.1159	276
node.1160	1
node.1161	1
node.1162	1
node.1163	11
node.1164	1
node.1165	14
node.1166	1
node.1167	254
node.1168	1
node.1169	1
node.1170	99
node.1171	1
node.1172	1
node.1173	1
node.1174	43
node.1175	1
node.1176	22
node.1177	1
node.1178	1
node.1179	346
node.1180	1
node.1181	1
node.1182	305
node.1183	1
node.1184	1
node.1185	543
node.1186	1
node.1187	1
node.1188	251
node.1189	1
node.1190	1
node.1191	168
node.1192	1
node.1193	1
node.1194	268
node.1195	1
node.1196	1
node.1197	147
node.1198	1
node.1199	1
node.1200	24
node.1201	1
node.1202	1
node.1203	216
node.1204	1
node.1205	1
node.1206	2
node.1207	1
node.1208	1
node.1209	1
node.1210	1
node.1211	126
node.1212	1
node.1213	1
node.1214	11
node.1215	1
node.1216	1
node.1217	1
node.1218	3
node.1219	1
node.1220	86
node.1221	1
node.1222	1
node.1223	4
node.1224	1
node.1225	1
node.1226	1
node.1227	23
node.1228	1
node.1229	37
node.1230	1
node.1231	1
node.1232	39
node.1233	1
node.1234	1
node.1235	212
node.1236	1
node.1237	1
node.1238	32
node.1239	1
node.1240	1
node.1241	33
node.1242	2
node.1243	1
node.1244	1
node.1245	1
node.1246	1
node.1247	1
node.1248	139
node.1249	1
node.1250	297
node.1251	1
node.1252	1
node.1253	106
node.1254	1
node.1255	1
node.1256	65
node.1257	2
node.1258	4
node.1259	4
node.1260	2
node.1261	4
node.1262	4
node.1263	2
node.1264	2
node.1265	2
node.1266	2
node.1267	2
node.1268	2
node.1269	2
node.1270	29
node.1271	1
node.1272	73
node.1273	1
node.1274	1
node.1275	207
node.1276	1
node.1277	1
node.1278	366
node.1279	1
node.1280	1
node.1281	1
node.1282	17
node.1283	1
node.1284	1
node.1285	23
node.1286	1
node.1287	1
node.1288	1
node.1289	3
node.1290	1
node.1291	19
node.1292	1
node.1293	1
node.1294	1
node.1295	41
node.1296	1
node.1297	520
node.1298	1
node.1299	1
node.1300	55
node.1301	1
node.1302	1
node.1303	41
node.1304	1
node.1305	1
node.1306	81
node.1307	1
node.1308	307
node.1309	1
node.1310	1
node.1311	46
node.1312	1
node.1313	1
node.1314	145
node.1315	3
node.1316	154
node.1317	1
node.1318	1
node.1319	109
node.1320	1
node.1321	170
node.1322	1
node.1323	1
node.1324	53
node.1325	1
node.1326	61
node.1327	1
node.1328	1
node.1329	33
node.1330	1
node.1331	1
node.1332	1
node.1333	12
node.1334	1
node.1335	168
node.1336	1
node.1337	1
node.1338	1
node.1339	36
node.1340	8
node.1341	1
node.1342	1
node.1343	1
node.1344	2
node.1345	1
node.1346	1
node.1347	88
node.1348	1
node.1349	92
node.1350	1
node.1351	1
node.1352	275
node.1353	1
node.1354	27
node.1355	1
node.1356	1
node.1357	212
node.1358	1
node.1359	1
node.1360	44
node.1361	1
node.1362	1
node.1363	8
node.1364	1
node.1365	1
node.1366	71
node.1367	1
node.1368	1
node.1369	70
node.1370	1
node.1371	1
node.1372	45
node.1373	1
node.1374	1
node.1375	79
node.1376	1
node.1377	1
node.1378	101
node.1379	1
node.1380	138
node.1381	1
node.1382	1
node.1383	8
node.1384	1
node.1385	1
node.1386	35
node.1387	1
node.1388	1
node.1389	216
node.1390	1
node.1391	1
node.1392	45
node.1393	1
node.1394	1
node.1395	273
node.1396	1
node.1397	1
node.1398	150
node.1399	1
node.1400	1
node.1401	113
node.1402	1
node.1403	19
node.1404	1
node.1405	1
node.1406	13
node.1407	1
node.1408	1
node.1409	56
node.1410	1
node.1411	1
node.1412	236
node.1413	1
node.1414	1
node.1415	54
node.1416	1
node.1417	1
node.1418	1
node.1419	240
node.1420	1
node.1421	1
node.1422	69
node.1423	1
node.1424	1
node.1425	1
node.1426	43
node.1427	1
node.1428	1
node.1429	91
node.1430	1
node.1431	318
node.1432	1
node.1433	1
node.1434	56
node.1435	1
node.1436	1
node.1437	69
node.1438	1
node.1439	1
node.1440	51
node.1441	1
node.1442	1
node.1443	39
node.1444	1
node.1445	1
node.1446	92
node.1447	1
node.1448	1
node.1449	9
node.1450	1
node.1451	1
node.1452	318
node.1453	1
node.1454	1
node.1455	40
node.1456	1
node.1457	1
node.1458	120
node.1459	1
node.1460	1
node.1461	136
node.1462	1
node.1463	1
node.1464	1
node.1465	15
node.1466	1
node.1467	484
node.1468	1
node.1469	1
node.1470	121
node.1471	1
node.1472	1
node.1473	53
node.1474	1
node.1475	1
node.1476	14
node.1477	1
node.1478	1
node.1479	27
node.1480	1
node.1481	1
node.1482	16
node.1483	1
node.1484	1
node.1485	321
node.1486	1
node.1487	1
node.1488	111
node.1489	5
node.1490	11
node.1491	1
node.1492	1
node.1493	218
node.1494	1
node.1495	1
node.1496	107
node.1497	1
node.1498	1
node.1499	26
node.1500	1
node.1501	1
node.1502	1
node.1503	130
node.1504	1
node.1505	274
node.1506	1
node.1507	1
node.1508	26
node.1509	1
node.1510	1
node.1511	177
node.1512	1
node.1513	1
node.1514	43
node.1515	1
node.1516	1
node.1517	215
node.1518	1
node.1519	1
node.1520	322
node.1521	1
node.1522	1
node.1523	9
node.1524	2
node.1525	1
node.1526	9
node.1527	1
node.1528	1
node.1529	1
node.1530	1
node.1531	1
node.1532	45
node.1533	1
node.1534	1
node.1535	45
node.1536	1
node.1537	1
node.1538	26
node.1539	1
node.1540	1
node.1541	347
node.1542	1
node.1543	81
node.1544	1
node.1545	296
node.1546	1
node.1547	1
node.1548	157
node.1549	1
node.1550	1
node.1551	60
node.1552	2
node.1553	322
node.1554	1
node.1555	1
node.1556	79
node.1557	1
node.1558	1
node.1559	42
node.1560	1
node.1561	1
node.1562	159
node.1563	1
node.1564	40
node.1565	1
node.1566	1
node.1567	52
node.1568	1
node.1569	1
node.1570	43
node.1571	1
node.1572	1
node.1573	47
node.1574	1
node.1575	1
node.1576	1
node.1577	1
node.1578	3
node.1579	1
node.1580	1
node.1581	39
node.1582	1
node.1583	1
node.1584	119
node.1585	4
node.1586	8
node.1587	4
node.1588	4
node.1589	273
node.1590	1
node.1591	1
node.1592	128
node.1593	1
node.1594	1
node.1595	241
node.1596	1
node.1597	1
node.1598	79
node.1599	1
node.1600	1
node.1601	42
node.1602	1
node.1603	1
node.1604	1
node.1605	44
node.1606	1
node.1607	106
node.1608	1
node.1609	1
node.1610	1
node.1611	28
node.1612	1
node.1613	104
node.1614	1
node.1615	1
node.1616	67
node.1617	1
node.1618	1
node.1619	1
node.1620	75
node.1621	1
node.1622	1
node.1623	171
node.1624	1
node.1625	1
node.1626	54
node.1627	1
node.1628	1
node.1629	3
node.1630	1
node.1631	96
node.1632	1
node.1633	1
node.1634	63
node.1635	1
node.1636	1
node.1637	328
node.1638	1
node.1639	1
node.1640	1
node.1641	1
node.1642	91
node.1643	1
node.1644	1
node.1645	67
node.1646	1
node.1647	1
node.1648	239
node.1649	1
node.1650	1
node.1651	16
node.1652	1
node.1653	1
node.1654	556
node.1655	1
node.1656	1
node.1657	146
node.1658	1
node.1659	1
node.1660	195
node.1661	1
node.1662	1
node.1663	1
node.1664	95
node.1665	1
node.1666	1
node.1667	214
node.1668	1
node.1669	1
node.1670	1
node.1671	6
node.1672	1
node.1673	39
node.1674	1
node.1675	1
node.1676	70
node.1677	1
node.1678	1
node.1679	104
node.1680	1
node.1681	1
node.1682	113
node.1683	1
node.1684	1
node.1685	61
node.1686	1
node.1687	1
node.1688	119
node.1689	1
node.1690	1
node.1691	388
node.1692	1
node.1693	1
node.1694	23
node.1695	1
node.1696	1
node.1697	171
node.1698	1
node.1699	1
node.1700	139
node.1701	1
node.1702	1
node.1703	127
node.1704	1
node.1705	1
node.1706	1
node.1707	58
node.1708	1
node.1709	144
node.1710	1
node.1711	1
node.1712	42
node.1713	1
node.1714	122
node.1715	1
node.1716	1
node.1717	45
node.1718	1
node.1719	1
node.1720	319
node.1721	1
node.1722	1
node.1723	181
node.1724	1
node.1725	1
node.1726	191
node.1727	1
node.1728	1
node.1729	427
node.1730	1
node.1731	1
node.1732	1
node.1733	1
node.1734	114
node.1735	1
node.1736	1
node.1737	1
node.1738	443
node.1739	1
node.1740	510
node.1741	1
node.1742	1
node.1743	114
node.1744	1
node.1745	1
node.1746	123
node.1747	1
node.1748	1
node.1749	40
node.1750	1
node.1751	1
node.1752	22
node.1753	1
node.1754	1
node.1755	1
node.1756	3
node.1757	391
node.1758	1
node.1759	1
node.1760	1
node.1761	110
node.1762	1
node.1763	352
node.1764	1
node.1765	1
node.1766	16
node.1767	1
node.1768	1
node.1769	117
node.1770	1
node.1771	72
node.1772	1
node.1773	32
node.1774	1
node.1775	1
node.1776	30
node.1777	1
node.1778	1
node.1779	28
node.1780	1
node.1781	51
node.1782	1
node.1783	1
node.1784	1
node.1785	176
node.1786	1
node.1787	1
node.1788	675
node.1789	1
node.1790	1
node.1791	9
node.1792	1
node.1793	1
node.1794	278
node.1795	1
node.1796	1
node.1797	79
node.1798	1
node.1799	1
node.1800	332
node.1801	1
node.1802	1
node.1803	110
node.1804	1
node.1805	1
node.1806	306
node.1807	1
node.1808	1
node.1809	167
node.1810	1
node.1811	1
node.1812	4
node.1813	1
node.1814	1
node.1815	9
node.1816	1
node.1817	1
node.1818	234
node.1819	12
node.1820	4
node.1821	43
node.1822	12
node.1823	1
node.1824	27
node.1825	1
node.1826	4
node.1827	11
node.1828	1
node.1829	1
node.1830	3
node.1831	59
node.1832	17
node.1833	5
node.1834	42
node.1835	12
node.1836	27
node.1837	1
node.1838	27
node.1839	1
node.1840	1
node.1841	1
node.1842	11
node.1843	1
node.1844	11
node.1845	1
node.1846	2
node.1847	1
node.1848	16
node.1849	1
node.1850	27
node.1851	1
node.1852	55
node.1853	1
node.1854	43
node.1855	1
node.1856	1
node.1857	1
node.1858	13
node.1859	1
node.1860	1
node.1861	1
node.1862	2
node.1863	1
node.1864	58
node.1865	1
node.1866	1
node.1867	1
node.1868	58
node.1869	295
node.1870	32
node.1871	1
node.1872	1
node.1873	15
node.1874	1
node.1875	1
node.1876	23
node.1877	1
node.1878	1
node.1879	2
node.1880	1
node.1881	1
node.1882	13
node.1883	1
node.1884	1
node.1885	43
node.1886	1
node.1887	243
node.1888	1
node.1889	1
node.1890	385
node.1891	1
node.1892	1
node.1893	4
node.1894	1
node.1895	2
node.1896	1
node.1897	6
node.1898	1
node.1899	14
node.1900	2
node.1901	17
node.1902	1
node.1903	2
node.1904	1
node.1905	9
node.1906	1
node.1907	4
node.1908	1
node.1909	3
node.1910	1
node.1911	13
node.1912	1
node.1913	5
node.1914	1
node.1915	4
node.1916	2
node.1917	1
node.1918	1
node.1919	3
node.1920	1
node.1921	1
node.1922	4
node.1923	10
node.1924	1
node.1925	19
node.1926	82
node.1927	1
node.1928	1
node.1929	30
node.1930	11
node.1931	1
node.1932	1
node.1933	1
node.1934	1
node.1935	1
node.1936	1
node.1937	3
node.1938	1
node.1939	650
node.1940	1
node.1941	1
node.1942	1
node.1943	1
node.1944	14
node.1945	1
node.1946	1
node.1947	281
node.1948	1
node.1949	9
node.1950	1
node.1951	9
node.1952	56
node.1953	134
node.1954	1
node.1955	1
node.1956	18
node.1957	1
node.1958	1
node.1959	70
node.1960	1
node.1961	101
node.1962	1
node.1963	1
node.1964	1
node.1965	88
node.1966	1
node.1967	1
node.1968	2
node.1969	1
node.1970	1
node.1971	261
node.1972	1
node.1973	1
node.1974	20
node.1975	1
node.1976	1
node.1977	176
node.1978	1
node.1979	1
node.1980	66
node.1981	1
node.1982	1
node.1983	27
node.1984	1
node.1985	1
node.1986	1
node.1987	2
node.1988	1
node.1989	18
node.1990	1
node.1991	1
node.1992	168
node.1993	1
node.1994	179
node.1995	1
node.1996	1
node.1997	104
node.1998	1
node.1999	1
node.2000	71
node.2001	1
node.2002	1
node.2003	201
node.2004	1
node.2005	1
node.2006	1
node.2007	41
node.2008	1
node.2009	1
node.2010	43
node.2011	1
node.2012	1
node.2013	52
node.2014	1
node.2015	1
node.2016	64
node.2017	1
node.2018	1
node.2019	28
node.2020	1
node.2021	1
node.2022	14
node.2023	1
node.2024	1
node.2025	52
node.2026	6
node.2027	41
node.2028	1
node.2029	1
node.2030	341
node.2031	1
node.2032	1
node.2033	499
node.2034	1
node.2035	1
node.2036	62
node.2037	1
node.2038	1
node.2039	36
node.2040	1
node.2041	1
node.2042	162
node.2043	1
node.2044	1
node.2045	1
node.2046	1
node.2047	1
node.2048	49
node.2049	1
node.2050	52
node.2051	1
node.2052	1
node.2053	61
node.2054	1
node.2055	1
node.2056	149
node.2057	1
node.2058	1
node.2059	289
node.2060	1
node.2061	1
node.2062	83
node.2063	1
node.2064	1
node.2065	26
node.2066	1
node.2067	1
node.2068	70
node.2069	1
node.2070	1
node.2071	37
node.2072	1
node.2073	1
node.2074	1
node.2075	6
node.2076	1
node.2077	323
node.2078	1
node.2079	1
node.2080	1
node.2081	17
node.2082	3
node.2083	1
node.2084	3
node.2085	4
node.2086	34
node.2087	2
node.2088	92
node.2089	28
node.2090	172
node.2091	1
node.2092	1
node.2093	1
node.2094	1
node.2095	2
node.2096	1
node.2097	1
node.2098	1
node.2099	1
node.2100	2
node.2101	1
node.2102	3
node.2103	1
node.2104	1
node.2105	38
node.2106	1
node.2107	27
node.2108	1
node.2109	1
node.2110	8
node.2111	1
node.2112	1
node.2113	8
node.2114	1
node.2115	1
node.2116	5
node.2117	1
node.2118	1
node.2119	1
node.2120	6
node.2121	15
node.2122	7
node.2123	1
node.2124	1
node.2125	1
node.2126	1
node.2127	1
node.2128	61
node.2129	2
node.2130	65
node.2131	1
node.2132	1
node.2133	12
node.2134	1
node.2135	2
node.2136	48
node.2137	1
node.2138	114
node.2139	1
node.2140	1
node.2141	110
node.2142	1
node.2143	1
node.2144	23
node.2145	1
node.2146	1
node.2147	136
node.2148	1
node.2149	1
node.2150	13
node.2151	1
node.2152	1
node.2153	39
node.2154	1
node.2155	4
node.2156	1
node.2157	9
node.2158	98
node.2159	1
node.2160	1
node.2161	68
node.2162	1
node.2163	1
node.2164	8
node.2165	1
node.2166	1
node.2167	12
node.2168	1
node.2169	1
node.2170	1
node.2171	1
node.2172	1
node.2173	53
node.2174	1
node.2175	1
node.2176	188
node.2177	1
node.2178	79
node.2179	1
node.2180	1
node.2181	1
node.2182	233
node.2183	1
node.2184	1
node.2185	236
node.2186	1
node.2187	1
node.2188	54
node.2189	1
node.2190	1
node.2191	20
node.2192	1
node.2193	1
node.2194	70
node.2195	1
node.2196	72
node.2197	1
node.2198	1
node.2199	1
node.2200	52
node.2201	1
node.2202	1
node.2203	1
node.2204	232
node.2205	1
node.2206	1
node.2207	66
node.2208	1
node.2209	1
node.2210	205
node.2211	1
node.2212	1
node.2213	51
node.2214	1
node.2215	1
node.2216	134
node.2217	1
node.2218	1
node.2219	43
node.2220	1
node.2221	1
node.2222	9
node.2223	1
node.2224	1
node.2225	75
node.2226	1
node.2227	1
node.2228	66
node.2229	1
node.2230	1
node.2231	175
node.2232	5
node.2233	236
node.2234	1
node.2235	1
node.2236	78
node.2237	1
node.2238	1
node.2239	139
node.2240	1
node.2241	1
node.2242	1
node.2243	7
node.2244	1
node.2245	6
node.2246	1
node.2247	1
node.2248	5
node.2249	3
node.2250	2
node.2251	1
node.2252	1
node.2253	1
node.2254	74
node.2255	81
node.2256	11
node.2257	1
node.2258	31
node.2259	1
node.2260	1
node.2261	1
node.2262	15
node.2263	1
node.2264	1
node.2265	39
node.2266	1
node.2267	56
node.2268	1
node.2269	71
node.2270	1
node.2271	1
node.2272	91
node.2273	1
node.2274	1
node.2275	11
node.2276	1
node.2277	1
node.2278	8
node.2279	1
node.2280	1
node.2281	356
node.2282	1
node.2283	1
node.2284	49
node.2285	1
node.2286	47
node.2287	1
node.2288	1
node.2289	1
node.2290	1
node.2291	236
node.2292	1
node.2293	1
node.2294	61
node.2295	1
node.2296	1
node.2297	15
node.2298	1
node.2299	1
node.2300	6
node.2301	1
node.2302	3
node.2303	1
node.2304	2
node.2305	1
node.2306	1
node.2307	1
node.2308	135
node.2309	1
node.2310	1
node.2311	225
node.2312	1
node.2313	1
node.2314	5
node.2315	1
node.2316	181
node.2317	1
node.2318	1
node.2319	249
node.2320	1
node.2321	1
node.2322	1
node.2323	52
node.2324	1
node.2325	1
node.2326	147
node.2327	1
node.2328	1
node.2329	46
node.2330	1
node.2331	1
node.2332	70
node.2333	1
node.2334	16
node.2335	1
node.2336	1
node.2337	1
node.2338	4
node.2339	29
node.2340	2
node.2341	12
node.2342	1
node.2343	1
node.2344	13
node.2345	1
node.2346	1
node.2347	3
node.2348	10
node.2349	10
node.2350	10
node.2351	10
node.2352	56
node.2353	2
node.2354	2
node.2355	1
node.2356	8
node.2357	18
node.2358	1
node.2359	1
node.2360	8
node.2361	17
node.2362	5
node.2363	34
node.2364	3
node.2365	48
node.2366	1
node.2367	1
node.2368	14
node.2369	3
node.2370	9
node.2371	1
node.2372	2
node.2373	1
node.2374	4
node.2375	1
node.2376	1
node.2377	1
node.2378	2
node.2379	1
node.2380	14
node.2381	1
node.2382	1
node.2383	1
node.2384	8
node.2385	1
node.2386	1
node.2387	9
node.2388	1
node.2389	1
node.2390	11
node.2391	16
node.2392	7
node.2393	1
node.2394	10
node.2395	1
node.2396	8
node.2397	1
node.2398	8
node.2399	1
node.2400	2
node.2401	1
node.2402	1
node.2403	1
node.2404	18
node.2405	1
node.2406	10
node.2407	1
node.2408	24
node.2409	4
node.2410	7
node.2411	1
node.2412	1
node.2413	9
node.2414	1
node.2415	1
node.2416	4
node.2417	3
node.2418	4
node.2419	1
node.2420	9
node.2421	1
node.2422	34
node.2423	3
node.2424	11
node.2425	1
node.2426	1
node.2427	106
node.2428	1
node.2429	53
node.2430	1
node.2431	1
node.2432	36
node.2433	1
node.2434	1
node.2435	42
node.2436	1
node.2437	1
node.2438	5
node.2439	2
node.2440	80
node.2441	1
node.2442	2
node.2443	1
node.2444	14
node.2445	1
node.2446	1
node.2447	51
node.2448	1
node.2449	1
node.2450	30
node.2451	1
node.2452	18
node.2453	1
node.2454	12
node.2455	1
node.2456	7
node.2457	1
node.2458	5
node.2459	2
node.2460	1
node.2461	5
node.2462	1
node.2463	1
node.2464	2
node.2465	21
node.2466	1
node.2467	9
node.2468	1
node.2469	20
node.2470	1
node.2471	25
node.2472	1
node.2473	6
node.2474	1
node.2475	1
node.2476	29
node.2477	1
node.2478	1
node.2479	3
node.2480	1
node.2481	1
node.2482	1
node.2483	1
node.2484	1
node.2485	13
node.2486	1
node.2487	1
node.2488	3
node.2489	1
node.2490	13
node.2491	1
node.2492	25
node.2493	1
node.2494	60
node.2495	1
node.2496	36
node.2497	1
node.2498	1
node.2499	1
node.2500	1
node.2501	22
node.2502	1
node.2503	1
node.2504	23
node.2505	1
node.2506	1
node.2507	1
node.2508	16
node.2509	21
node.2510	1
node.2511	1
node.2512	49
node.2513	1
node.2514	1
node.2515	1
node.2516	1
node.2517	107
node.2518	1
node.2519	1
node.2520	42
node.2521	1
node.2522	1
node.2523	1
node.2524	4
node.2525	1
node.2526	1
node.2527	1
node.2528	1
node.2529	29
node.2530	1
node.2531	7
node.2532	11
node.2533	1
node.2534	16
node.2535	1
node.2536	25
node.2537	1
node.2538	1
node.2539	6
node.2540	1
node.2541	5
node.2542	1
node.2543	31
node.2544	1
node.2545	10
node.2546	1
node.2547	1
node.2548	42
node.2549	1
node.2550	1
node.2551	4
node.2552	1
node.2553	2
node.2554	1
node.2555	4
node.2556	1
node.2557	23
node.2558	41
node.2559	1
node.2560	1
node.2561	3
node.2562	1
node.2563	1
node.2564	21
node.2565	1
node.2566	1
node.2567	8
node.2568	1
node.2569	1
node.2570	13
node.2571	1
node.2572	10
node.2573	1
node.2574	1
node.2575	18
node.2576	1
node.2577	8
node.2578	1
node.2579	29
node.2580	1
node.2581	12
node.2582	1
node.2583	1
node.2584	1
node.2585	25
node.2586	1
node.2587	1
node.2588	42
node.2589	126
node.2590	1
node.2591	1
node.2592	137
node.2593	1
node.2594	2
node.2595	1
node.2596	28
node.2597	1
node.2598	1
node.2599	27
node.2600	1
node.2601	1
node.2602	6
node.2603	2
node.2604	3
node.2605	1
node.2606	1
node.2607	4
node.2608	1
node.2609	18
node.2610	1
node.2611	1
node.2612	37
node.2613	1
node.2614	1
node.2615	1
node.2616	13
node.2617	1
node.2618	1
node.2619	40
node.2620	1
node.2621	1
node.2622	1
node.2623	17
node.2624	1
node.2625	11
node.2626	1
node.2627	1
node.2628	15
node.2629	1
node.2630	16
node.2631	3
node.2632	2
node.2633	1
node.2634	3
node.2635	1
node.2636	3
node.2637	1
node.2638	1
node.2639	26
node.2640	1
node.2641	1
node.2642	2
node.2643	23
node.2644	1
node.2645	78
node.2646	1
node.2647	3
node.2648	1
node.2649	11
node.2650	1
node.2651	16
node.2652	13
node.2653	1
node.2654	1
node.2655	12
node.2656	1
node.2657	18
node.2658	1
node.2659	1
node.2660	6
node.2661	1
node.2662	1
node.2663	26
node.2664	1
node.2665	1
node.2666	65
node.2667	1
node.2668	1
node.2669	1
node.2670	1
node.2671	6
node.2672	5
node.2673	1
node.2674	1
node.2675	9
node.2676	1
node.2677	17
node.2678	1
node.2679	2
node.2680	7
node.2681	2
node.2682	2
node.2683	1
node.2684	1
node.2685	1
node.2686	18
node.2687	1
node.2688	1
node.2689	1
node.2690	1
node.2691	18
node.2692	1
node.2693	1
node.2694	54
node.2695	1
node.2696	3
node.2697	15
node.2698	1
node.2699	1
node.2700	25
node.2701	1
node.2702	1
node.2703	11
node.2704	1
node.2705	1
node.2706	4
node.2707	1
node.2708	29
node.2709	1
node.2710	15
node.2711	1
node.2712	4
node.2713	1
node.2714	3
node.2715	9
node.2716	18
node.2717	1
node.2718	18
node.2719	2
node.2720	7
node.2721	101
node.2722	1
node.2723	1
node.2724	1
node.2725	22
node.2726	1
node.2727	1
node.2728	27
node.2729	1
node.2730	1
node.2731	1
node.2732	5
node.2733	1
node.2734	9
node.2735	11
node.2736	1
node.2737	1
node.2738	6
node.2739	1
node.2740	27
node.2741	2
node.2742	4
node.2743	1
node.2744	32
node.2745	1
node.2746	1
node.2747	54
node.2748	1
node.2749	1
node.2750	1
node.2751	1
node.2752	1
node.2753	1
node.2754	1
node.2755	41
node.2756	1
node.2757	3
node.2758	1
node.2759	1
node.2760	1
node.2761	1
node.2762	1
node.2763	8
node.2764	1
node.2765	1
node.2766	1
node.2767	3
node.2768	1
node.2769	7
node.2770	1
node.2771	43
node.2772	1
node.2773	1
node.2774	1
node.2775	1
node.2776	168
node.2777	1
node.2778	1
node.2779	1
node.2780	208
node.2781	2
node.2782	1
node.2783	1
node.2784	1
node.2785	1
node.2786	102
node.2787	1
node.2788	1
node.2789	27
node.2790	1
node.2791	1
node.2792	15
node.2793	1
node.2794	1
node.2795	1
node.2796	7
node.2797	1
node.2798	16
node.2799	1
node.2800	2
node.2801	1
node.2802	1
node.2803	9
node.2804	1
node.2805	9
node.2806	1
node.2807	130
node.2808	1
node.2809	1
node.2810	91
node.2811	1
node.2812	1
node.2813	1
node.2814	4
node.2815	1
node.2816	1
node.2817	4
node.2818	1
node.2819	1
node.2820	1
node.2821	84
node.2822	1
node.2823	1
node.2824	1
node.2825	108
node.2826	1
node.2827	76
node.2828	1
node.2829	1
node.2830	133
node.2831	1
node.2832	1
node.2833	9
node.2834	1
node.2835	5
node.2836	1
node.2837	6
node.2838	1
node.2839	1
node.2840	39
node.2841	1
node.2842	15
node.2843	1
node.2844	8
node.2845	1
node.2846	11
node.2847	1
node.2848	2
node.2849	4
node.2850	1
node.2851	2
node.2852	1
node.2853	1
node.2854	1
node.2855	1
node.2856	4
node.2857	2
node.2858	1
node.2859	15
node.2860	62
node.2861	27
node.2862	1
node.2863	1
node.2864	5
node.2865	1
node.2866	1
node.2867	1
node.2868	1
node.2869	7
node.2870	1
node.2871	3
node.2872	1
node.2873	8
node.2874	1
node.2875	3
node.2876	1
node.2877	3
node.2878	1
node.2879	41
node.2880	1
node.2881	30
node.2882	2
node.2883	9
node.2884	1
node.2885	5
node.2886	1
node.2887	11
node.2888	1
node.2889	1
node.2890	18
node.2891	1
node.2892	1
node.2893	37
node.2894	1
node.2895	51
node.2896	1
node.2897	35
node.2898	1
node.2899	2
node.2900	1
node.2901	25
node.2902	1
node.2903	1
node.2904	1
node.2905	21
node.2906	1
node.2907	6
node.2908	1
node.2909	34
node.2910	2
node.2911	3
node.2912	1
node.2913	2
node.2914	2
node.2915	24
node.2916	1
node.2917	19
node.2918	2
node.2919	5
node.2920	2
node.2921	2
node.2922	1
node.2923	2
node.2924	1
node.2925	19
node.2926	1
node.2927	6
node.2928	1
node.2929	36
node.2930	1
node.2931	1
node.2932	1
node.2933	32
node.2934	1
node.2935	56
node.2936	1
node.2937	1
node.2938	110
node.2939	1
node.2940	1
node.2941	1
node.2942	62
node.2943	1
node.2944	15
node.2945	1
node.2946	58
node.2947	1
node.2948	3
node.2949	1
node.2950	259
node.2951	1
node.2952	1
node.2953	17
node.2954	1
node.2955	216
node.2956	1
node.2957	1
node.2958	1
node.2959	1
node.2960	22
node.2961	1
node.2962	1
node.2963	1
node.2964	1
node.2965	1
node.2966	1
node.2967	1
node.2968	1
node.2969	1
node.2970	1
node.2971	39
node.2972	1
node.2973	1
node.2974	26
node.2975	1
node.2976	1
node.2977	1
node.2978	82
node.2979	1
node.2980	1
node.2981	9
node.2982	1
node.2983	1
node.2984	7
node.2985	1
node.2986	1
node.2987	116
node.2988	1
node.2989	1
node.2990	40
node.2991	1
node.2992	1
node.2993	9
node.2994	1
node.2995	1
node.2996	145
node.2997	1
node.2998	1
node.2999	29
node.3000	1
node.3001	1
node.3002	1
node.3003	19
node.3004	1
node.3005	1
node.3006	46
node.3007	1
node.3008	215
node.3009	1
node.3010	1
node.3011	1
node.3012	1
node.3013	6
node.3014	1
node.3015	117
node.3016	1
node.3017	1
node.3018	1
node.3019	179
node.3020	1
node.3021	1
node.3022	62
node.3023	1
node.3024	1
node.3025	53
node.3026	1
node.3027	1
node.3028	47
node.3029	1
node.3030	1
node.3031	1
node.3032	8
node.3033	1
node.3034	1
node.3035	6
node.3036	1
node.3037	28
node.3038	1
node.3039	1
node.3040	1
node.3041	40
node.3042	1
node.3043	1
node.3044	70
node.3045	1
node.3046	1
node.3047	61
node.3048	1
node.3049	1
node.3050	8
node.3051	1
node.3052	1
node.3053	1
node.3054	3
node.3055	368
node.3056	1
node.3057	1
node.3058	8
node.3059	1
node.3060	1
node.3061	172
node.3062	1
node.3063	137
node.3064	1
node.3065	43
node.3066	1
node.3067	43
node.3068	1
node.3069	1
node.3070	34
node.3071	1
node.3072	1
node.3073	46
node.3074	1
node.3075	1
node.3076	14
node.3077	1
node.3078	216
node.3079	1
node.3080	1
node.3081	1
node.3082	185
node.3083	1
node.3084	1
node.3085	246
node.3086	1
node.3087	1
node.3088	1
node.3089	2
node.3090	1
node.3091	1
node.3092	16
node.3093	1
node.3094	92
node.3095	1
node.3096	1
node.3097	15
node.3098	1
node.3099	1
node.3100	8
node.3101	1
node.3102	1
node.3103	30
node.3104	1
node.3105	151
node.3106	1
node.3107	1
node.3108	1
node.3109	1
node.3110	9
node.3111	10
node.3112	1
node.3113	1
node.3114	4
node.3115	10
node.3116	1
node.3117	1
node.3118	6
node.3119	1
node.3120	1
node.3121	25
node.3122	1
node.3123	1
node.3124	1
node.3125	21
node.3126	6
node.3127	6
node.3128	1
node.3129	16
node.3130	1
node.3131	1
node.3132	31
node.3133	5
node.3134	10
node.3135	1
node.3136	4
node.3137	1
node.3138	3
node.3139	6
node.3140	1
node.3141	1
node.3142	44
node.3143	13
node.3144	14
node.3145	5
node.3146	134
node.3147	1
node.3148	30
node.3149	15
node.3150	55
node.3151	1
node.3152	1
node.3153	2
node.3154	1
node.3155	1
node.3156	42
node.3157	4
node.3158	34
node.3159	1
node.3160	1
node.3161	115
node.3162	1
node.3163	1
node.3164	33
node.3165	1
node.3166	1
node.3167	33
node.3168	2
node.3169	28
node.3170	11
node.3171	49
node.3172	1
node.3173	1
node.3174	81
node.3175	1
node.3176	1
node.3177	68
node.3178	41
node.3179	1
node.3180	4
node.3181	1
node.3182	153
node.3183	2
node.3184	1
node.3185	1
node.3186	10
node.3187	142
node.3188	1
node.3189	1
node.3190	1
node.3191	54
node.3192	1
node.3193	1
node.3194	8
node.3195	1
node.3196	1
node.3197	21
node.3198	1
node.3199	9
node.3200	1
node.3201	79
node.3202	1
node.3203	1
node.3204	1
node.3205	1
node.3206	1
node.3207	50
node.3208	1
node.3209	1
node.3210	1
node.3211	1
node.3212	1
node.3213	1
node.3214	1
node.3215	1
node.3216	1
node.3217	1
node.3218	2
node.3219	1
node.3220	1
node.3221	2
node.3222	10
node.3223	1
node.3224	1
node.3225	1
node.3226	1
node.3227	1
node.3228	1
node.3229	1
node.3230	1
node.3231	1
node.3232	1
node.3233	1
node.3234	1
node.3235	1
node.3236	12
node.3237	1
node.3238	139
node.3239	1
node.3240	35
node.3241	1
node.3242	1
node.3243	52
node.3244	1
node.3245	1
node.3246	1
node.3247	1
node.3248	20
node.3249	2
node.3250	2
node.3251	5
node.3252	1
node.3253	1
node.3254	2
node.3255	1
node.3256	1
node.3257	1
node.3258	12
node.3259	1
node.3260	1
node.3261	1
node.3262	2
node.3263	1
node.3264	8
node.3265	1
node.3266	59
node.3267	1
node.3268	1
node.3269	11
node.3270	1
node.3271	1
node.3272	1
node.3273	1
node.3274	1
node.3275	1
node.3276	1
node.3277	2
node.3278	2
node.3279	2
node.3280	1
node.3281	1
node.3282	1
node.3283	1
node.3284	1
node.3285	1
node.3286	1
node.3287	1
node.3288	2
node.3289	1
node.3290	1
node.3291	1
node.3292	1
node.3293	1
node.3294	8
node.3295	1
node.3296	11
node.3297	1
node.3298	1
node.3299	35
node.3300	1
node.3301	3
node.3302	1
node.3303	90
node.3304	1
node.3305	49
node.3306	1
node.3307	1
node.3308	26
node.3309	1
node.3310	1
node.3311	52
node.3312	1
node.3313	1
node.3314	73
node.3315	1
node.3316	1
node.3317	165
node.3318	1
node.3319	20
node.3320	1
node.3321	1
node.3322	8
node.3323	1
node.3324	16
node.3325	1
node.3326	1
node.3327	1
node.3328	1
node.3329	1
node.3330	1
node.3331	1
node.3332	1
node.3333	1
node.3334	2
node.3335	1
node.3336	1
node.3337	1
node.3338	1
node.3339	1
node.3340	1
node.3341	1
node.3342	1
node.3343	1
node.3344	2
node.3345	1
node.3346	1
node.3347	1
node.3348	1
node.3349	1
node.3350	1
node.3351	2
node.3352	1
node.3353	2
node.3354	2
node.3355	2
node.3356	1
node.3357	1
node.3358	1
node.3359	1
node.3360	1
node.3361	1
node.3362	83
node.3363	1
node.3364	42
node.3365	1
node.3366	1
node.3367	20
node.3368	1
node.3369	1
node.3370	44
node.3371	1
node.3372	1
node.3373	55
node.3374	1
node.3375	1
node.3376	179
node.3377	1
node.3378	1
node.3379	25
node.3380	1
node.3381	1
node.3382	496
node.3383	1
node.3384	1
node.3385	1
node.3386	148
node.3387	1
node.3388	1
node.3389	26
node.3390	1
node.3391	541
node.3392	1
node.3393	1
node.3394	146
node.3395	1
node.3396	1
node.3397	78
node.3398	2
node.3399	3
node.3400	3
node.3401	1
node.3402	1
node.3403	1
node.3404	1
node.3405	1
node.3406	1
node.3407	1
node.3408	130
node.3409	62
node.3410	1
node.3411	1
node.3412	1
node.3413	1
node.3414	1
node.3415	72
node.3416	1
node.3417	1
node.3418	27
node.3419	1
node.3420	1
node.3421	57
node.3422	2
node.3423	1
node.3424	2
node.3425	2
node.3426	1
node.3427	36
node.3428	1
node.3429	1
node.3430	209
node.3431	4
node.3432	120
node.3433	1
node.3434	1
node.3435	137
node.3436	1
node.3437	1
node.3438	89
node.3439	1
node.3440	1
node.3441	222
node.3442	1
node.3443	19
node.3444	1
node.3445	1
node.3446	17
node.3447	1
node.3448	1
node.3449	80
node.3450	1
node.3451	1
node.3452	43
node.3453	1
node.3454	1
node.3455	8
node.3456	1
node.3457	25
node.3458	1
node.3459	1
node.3460	1
node.3461	73
node.3462	2
node.3463	2
node.3464	2
node.3465	2
node.3466	1
node.3467	1
node.3468	2
node.3469	2
node.3470	1
node.3471	1
node.3472	4
node.3473	1
node.3474	2
node.3475	2
node.3476	2
node.3477	2
node.3478	2
node.3479	2
node.3480	1
node.3481	2
node.3482	1
node.3483	1
node.3484	1
node.3485	1
node.3486	1
node.3487	203
node.3488	1
node.3489	1
node.3490	174
node.3491	1
node.3492	287
node.3493	1
node.3494	1
node.3495	1
node.3496	322
node.3497	1
node.3498	1
node.3499	1
node.3500	12
node.3501	1
node.3502	1
node.3503	147
node.3504	1
node.3505	1
node.3506	1
node.3507	1
node.3508	16
node.3509	7
node.3510	1
node.3511	1
node.3512	21
node.3513	53
node.3514	1
node.3515	1
node.3516	50
node.3517	1
node.3518	1
node.3519	1
node.3520	44
node.3521	1
node.3522	66
node.3523	1
node.3524	1
node.3525	1
node.3526	1
node.3527	21
node.3528	1
node.3529	110
node.3530	1
node.3531	1
node.3532	23
node.3533	1
node.3534	1
node.3535	6
node.3536	1
node.3537	1
node.3538	1
node.3539	1
node.3540	1
node.3541	1
node.3542	37
node.3543	1
node.3544	1
node.3545	206
node.3546	1
node.3547	1
node.3548	41
node.3549	15
node.3550	1
node.3551	201
node.3552	1
node.3553	1
node.3554	36
node.3555	1
node.3556	1
node.3557	93
node.3558	1
node.3559	1
node.3560	43
node.3561	1
node.3562	1
node.3563	87
node.3564	1
node.3565	1
node.3566	91
node.3567	1
node.3568	1
node.3569	109
node.3570	2
node.3571	2
node.3572	1
node.3573	2
node.3574	1
node.3575	1
node.3576	4
node.3577	1
node.3578	1
node.3579	128
node.3580	1
node.3581	1
node.3582	84
node.3583	1
node.3584	1
node.3585	15
node.3586	1
node.3587	1
node.3588	103
node.3589	1
node.3590	1
node.3591	157
node.3592	1
node.3593	1
node.3594	76
node.3595	1
node.3596	1
node.3597	1
node.3598	12
node.3599	1
node.3600	1
node.3601	40
node.3602	1
node.3603	1
node.3604	14
node.3605	1
node.3606	1
node.3607	14
node.3608	1
node.3609	1
node.3610	106
node.3611	1
node.3612	1
node.3613	147
node.3614	1
node.3615	1
node.3616	284
node.3617	1
node.3618	1
node.3619	16
node.3620	1
node.3621	1
node.3622	144
node.3623	1
node.3624	1
node.3625	45
node.3626	19
node.3627	9
node.3628	1
node.3629	1
node.3630	5
node.3631	1
node.3632	1
node.3633	85
node.3634	1
node.3635	1
node.3636	50
node.3637	1
node.3638	1
node.3639	5
node.3640	1
node.3641	1
node.3642	60
node.3643	1
node.3644	1
node.3645	99
node.3646	1
node.3647	1
node.3648	1
node.3649	38
node.3650	1
node.3651	41
node.3652	1
node.3653	1
node.3654	557
node.3655	1
node.3656	1
node.3657	1
node.3658	4
node.3659	2
node.3660	1
node.3661	1
node.3662	26
node.3663	1
node.3664	1
node.3665	1
node.3666	1
node.3667	3
node.3668	3
node.3669	1
node.3670	1
node.3671	246
node.3672	1
node.3673	1
node.3674	103
node.3675	1
node.3676	1
node.3677	68
node.3678	1
node.3679	1
node.3680	175
node.3681	1
node.3682	1
node.3683	120
node.3684	1
node.3685	1
node.3686	54
node.3687	1
node.3688	86
node.3689	1
node.3690	1
node.3691	1
node.3692	110
node.3693	1
node.3694	1
node.3695	7
node.3696	1
node.3697	1
node.3698	27
node.3699	1
node.3700	84
node.3701	1
node.3702	1
node.3703	137
node.3704	1
node.3705	1
node.3706	1
node.3707	178
node.3708	1
node.3709	1
node.3710	48
node.3711	1
node.3712	1
node.3713	22
node.3714	1
node.3715	1
node.3716	163
node.3717	1
node.3718	1
node.3719	1
node.3720	91
node.3721	1
node.3722	166
node.3723	1
node.3724	1
node.3725	1
node.3726	116
node.3727	1
node.3728	1
node.3729	5
node.3730	1
node.3731	1
node.3732	290
node.3733	1
node.3734	1
node.3735	88
node.3736	1
node.3737	1
node.3738	295
node.3739	1
node.3740	1
node.3741	17
node.3742	1
node.3743	1
node.3744	218
node.3745	1
node.3746	1
node.3747	9
node.3748	1
node.3749	1
node.3750	66
node.3751	1
node.3752	1
node.3753	281
node.3754	1
node.3755	1
node.3756	118
node.3757	1
node.3758	1
node.3759	71
node.3760	1
node.3761	1
node.3762	11
node.3763	1
node.3764	1
node.3765	122
node.3766	1
node.3767	21
node.3768	1
node.3769	1
node.3770	1
node.3771	99
node.3772	1
node.3773	1
node.3774	40
node.3775	1
node.3776	1
node.3777	53
node.3778	1
node.3779	1
node.3780	1
node.3781	1
node.3782	93
node.3783	1
node.3784	1
node.3785	8
node.3786	1
node.3787	1
node.3788	15
node.3789	2
node.3790	1
node.3791	1
node.3792	1
node.3793	1
node.3794	1
node.3795	1
node.3796	1
node.3797	85
node.3798	1
node.3799	1
node.3800	1
node.3801	1
node.3802	90
node.3803	2
node.3804	8
node.3805	1
node.3806	1
node.3807	317
node.3808	1
node.3809	1
node.3810	122
node.3811	1
node.3812	1
node.3813	26
node.3814	1
node.3815	197
node.3816	1
node.3817	1
node.3818	81
node.3819	1
node.3820	1
node.3821	1
node.3822	1
node.3823	1
node.3824	41
node.3825	1
node.3826	1
node.3827	23
node.3828	1
node.3829	1
node.3830	163
node.3831	1
node.3832	1
node.3833	6
node.3834	1
node.3835	1
node.3836	25
node.3837	1
node.3838	15
node.3839	1
node.3840	1
node.3841	5
node.3842	1
node.3843	1
node.3844	64
node.3845	1
node.3846	1
node.3847	167
node.3848	1
node.3849	1
node.3850	182
node.3851	1
node.3852	1
node.3853	226
node.3854	1
node.3855	1
node.3856	93
node.3857	1
node.3858	1
node.3859	14
node.3860	1
node.3861	50
node.3862	1
node.3863	1
node.3864	3
node.3865	1
node.3866	1
node.3867	292
node.3868	1
node.3869	1
node.3870	368
node.3871	1
node.3872	1
node.3873	62
node.3874	1
node.3875	1
node.3876	1
node.3877	1
node.3878	1
node.3879	1
node.3880	1
node.3881	36
node.3882	1
node.3883	1
node.3884	175
node.3885	1
node.3886	118
node.3887	1
node.3888	1
node.3889	295
node.3890	5
node.3891	191
node.3892	1
node.3893	1
node.3894	233
node.3895	1
node.3896	1
node.3897	268
node.3898	8
node.3899	5
node.3900	6
node.3901	2
node.3902	6
node.3903	3
node.3904	1
node.3905	1
node.3906	49
node.3907	1
node.3908	1
node.3909	1
node.3910	1
node.3911	1
node.3912	2
node.3913	1
node.3914	1
node.3915	1
node.3916	1
node.3917	1
node.3918	1
node.3919	1
node.3920	1
node.3921	1
node.3922	1
node.3923	118
node.3924	1
node.3925	1
node.3926	266
node.3927	1
node.3928	1
node.3929	55
node.3930	1
node.3931	1
node.3932	156
node.3933	1
node.3934	1
node.3935	54
node.3936	1
node.3937	1
node.3938	340
node.3939	1
node.3940	1
node.3941	34
node.3942	209
node.3943	2
node.3944	1
node.3945	106
node.3946	1
node.3947	1
node.3948	1
node.3949	423
node.3950	1
node.3951	1
node.3952	133
node.3953	1
node.3954	202
node.3955	1
node.3956	1
node.3957	12
node.3958	1
node.3959	1
node.3960	1
node.3961	59
node.3962	1
node.3963	4
node.3964	1
node.3965	1
node.3966	1
node.3967	221
node.3968	1
node.3969	1
node.3970	1
node.3971	31
node.3972	1
node.3973	401
node.3974	1
node.3975	77
node.3976	1
node.3977	1
node.3978	310
node.3979	1
node.3980	81
node.3981	1
node.3982	1
node.3983	1
node.3984	209
node.3985	1
node.3986	1
node.3987	47
node.3988	1
node.3989	1
node.3990	234
node.3991	1
node.3992	78
node.3993	1
node.3994	1
node.3995	1
node.3996	419
node.3997	1
node.3998	1
node.3999	117
node.4000	1
node.4001	1
node.4002	93
node.4003	1
node.4004	1
node.4005	63
node.4006	1
node.4007	1
node.4008	1
node.4009	7
node.4010	1
node.4011	24
node.4012	42
node.4013	4
node.4014	1
node.4015	1
node.4016	288
node.4017	1
node.4018	1
node.4019	260
node.4020	1
node.4021	12
node.4022	1
node.4023	1
node.4024	37
node.4025	1
node.4026	1
node.4027	1
node.4028	9
node.4029	1
node.4030	1
node.4031	22
node.4032	1
node.4033	187
node.4034	1
node.4035	1
node.4036	1
node.4037	6
node.4038	1
node.4039	154
node.4040	1
node.4041	135
node.4042	1
node.4043	1
node.4044	1
node.4045	61
node.4046	1
node.4047	1
node.4048	22
node.4049	1
node.4050	1
node.4051	20
node.4052	1
node.4053	1
node.4054	249
node.4055	1
node.4056	81
node.4057	1
node.4058	1
node.4059	1
node.4060	38
node.4061	1
node.4062	1
node.4063	81
node.4064	1
node.4065	1
node.4066	363
node.4067	1
node.4068	1
node.4069	162
node.4070	1
node.4071	25
node.4072	1
node.4073	1
node.4074	261
node.4075	1
node.4076	1
node.4077	160
node.4078	1
node.4079	87
node.4080	1
node.4081	1
node.4082	1
node.4083	177
node.4084	1
node.4085	1
node.4086	53
node.4087	1
node.4088	1
node.4089	268
node.4090	1
node.4091	1
node.4092	32
node.4093	1
node.4094	117
node.4095	1
node.4096	1
node.4097	1
node.4098	212
node.4099	1
node.4100	1
node.4101	42
node.4102	1
node.4103	1
node.4104	58
node.4105	1
node.4106	1
node.4107	1
node.4108	99
node.4109	1
node.4110	1
node.4111	3
node.4112	115
node.4113	1
node.4114	1
node.4115	1
node.4116	12
node.4117	3
node.4118	1
node.4119	1
node.4120	4
node.4121	1
node.4122	1
node.4123	1
node.4124	1
node.4125	91
node.4126	1
node.4127	1
node.4128	1
node.4129	1
node.4130	1
node.4131	1
node.4132	1
node.4133	1
node.4134	1
node.4135	1
node.4136	1
node.4137	1
node.4138	1
node.4139	13
node.4140	1
node.4141	336
node.4142	1
node.4143	1
node.4144	270
node.4145	78
node.4146	3
node.4147	1
node.4148	11
node.4149	1
node.4150	1
node.4151	1
node.4152	122
node.4153	1
node.4154	1
node.4155	101
node.4156	1
node.4157	1
node.4158	26
node.4159	1
node.4160	121
node.4161	1
node.4162	1
node.4163	21
node.4164	1
node.4165	1
node.4166	1
node.4167	187
node.4168	1
node.4169	1
node.4170	287
node.4171	1
node.4172	1
node.4173	126
node.4174	1
node.4175	573
node.4176	1
node.4177	1
node.4178	1
node.4179	99
node.4180	1
node.4181	1
node.4182	19
node.4183	1
node.4184	25
node.4185	1
node.4186	1
node.4187	79
node.4188	1
node.4189	1
node.4190	13
node.4191	1
node.4192	1
node.4193	1
node.4194	31
node.4195	1
node.4196	1
node.4197	1
node.4198	1
node.4199	1
node.4200	1
node.4201	1
node.4202	203
node.4203	1
node.4204	1
node.4205	190
node.4206	1
node.4207	1
node.4208	176
node.4209	1
node.4210	1
node.4211	128
node.4212	1
node.4213	1
node.4214	1
node.4215	23
node.4216	1
node.4217	215
node.4218	1
node.4219	27
node.4220	1
node.4221	1
node.4222	191
node.4223	1
node.4224	1
node.4225	136
node.4226	1
node.4227	1
node.4228	131
node.4229	1
node.4230	1
node.4231	11
node.4232	1
node.4233	1
node.4234	30
node.4235	1
node.4236	1
node.4237	37
node.4238	1
node.4239	1
node.4240	1
node.4241	28
node.4242	1
node.4243	1
node.4244	10
node.4245	1
node.4246	1
node.4247	2
node.4248	1
node.4249	1
node.4250	6
node.4251	1
node.4252	1
node.4253	38
node.4254	1
node.4255	1
node.4256	29
node.4257	1
node.4258	1
node.4259	4
node.4260	1
node.4261	1
node.4262	64
node.4263	1
node.4264	1
node.4265	1
node.4266	1
node.4267	29
node.4268	1
node.4269	1
node.4270	174
node.4271	1
node.4272	1
node.4273	1
node.4274	98
node.4275	1
node.4276	136
node.4277	1
node.4278	1
node.4279	289
node.4280	1
node.4281	1
node.4282	177
node.4283	1
node.4284	1
node.4285	227
node.4286	1
node.4287	1
node.4288	111
node.4289	1
node.4290	1
node.4291	109
node.4292	1
node.4293	1
node.4294	5
node.4295	1
node.4296	1
node.4297	28
node.4298	1
node.4299	1
node.4300	154
node.4301	1
node.4302	1
node.4303	182
node.4304	1
node.4305	99
node.4306	1
node.4307	1
node.4308	1
node.4309	282
node.4310	1
node.4311	1
node.4312	25
node.4313	1
node.4314	1
node.4315	1
node.4316	18
node.4317	1
node.4318	1
node.4319	98
node.4320	1
node.4321	1
node.4322	55
node.4323	1
node.4324	207
node.4325	1
node.4326	1
node.4327	288
node.4328	1
node.4329	1
node.4330	1
node.4331	145
node.4332	1
node.4333	1
node.4334	1
node.4335	1
node.4336	1
node.4337	369
node.4338	1
node.4339	48
node.4340	1
node.4341	1
node.4342	1
node.4343	77
node.4344	1
node.4345	99
node.4346	1
node.4347	1
node.4348	57
node.4349	1
node.4350	1
node.4351	1
node.4352	114
node.4353	1
node.4354	1
node.4355	60
node.4356	1
node.4357	1
node.4358	1
node.4359	39
node.4360	1
node.4361	1
node.4362	5
node.4363	1
node.4364	1
node.4365	207
node.4366	1
node.4367	1
node.4368	14
node.4369	1
node.4370	1
node.4371	330
node.4372	1
node.4373	1
node.4374	1
node.4375	118
node.4376	2
node.4377	1
node.4378	1
node.4379	1
node.4380	1
node.4381	1
node.4382	2
node.4383	1
node.4384	1
node.4385	39
node.4386	3
node.4387	1
node.4388	1
node.4389	207
node.4390	1
node.4391	1
node.4392	60
node.4393	1
node.4394	115
node.4395	1
node.4396	1
node.4397	1
node.4398	5
node.4399	1
node.4400	1
node.4401	71
node.4402	1
node.4403	1
node.4404	699
node.4405	1
node.4406	55
node.4407	1
node.4408	1
node.4409	1
node.4410	83
node.4411	1
node.4412	1
node.4413	85
node.4414	3
node.4415	19
node.4416	1
node.4417	1
node.4418	435
node.4419	1
node.4420	1
node.4421	35
node.4422	10
node.4423	171
node.4424	1
node.4425	1
node.4426	1
node.4427	1
node.4428	432
node.4429	1
node.4430	1
node.4431	341
node.4432	3
node.4433	197
node.4434	1
node.4435	1
node.4436	12
node.4437	1
node.4438	1
node.4439	305
node.4440	4
node.4441	12
node.4442	1
node.4443	119
node.4444	1
node.4445	1
node.4446	1
node.4447	43
node.4448	1
node.4449	119
node.4450	1
node.4451	8
node.4452	93
node.4453	2
node.4454	139
node.4455	1
node.4456	1
node.4457	62
node.4458	1
node.4459	1
node.4460	131
node.4461	1
node.4462	5
node.4463	1
node.4464	1
node.4465	1
node.4466	2
node.4467	1
node.4468	1
node.4469	135
node.4470	1
node.4471	2
node.4472	1
node.4473	10
node.4474	1
node.4475	1
node.4476	110
node.4477	1
node.4478	1
node.4479	3
node.4480	1
node.4481	1
node.4482	38
node.4483	1
node.4484	1
node.4485	195
node.4486	1
node.4487	1
node.4488	252
node.4489	1
node.4490	1
node.4491	87
node.4492	1
node.4493	1
node.4494	66
node.4495	1
node.4496	1
node.4497	115
node.4498	1
node.4499	240
node.4500	1
node.4501	1
node.4502	9
node.4503	1
node.4504	1
node.4505	1
node.4506	41
node.4507	1
node.4508	1
node.4509	1
node.4510	6
node.4511	1
node.4512	265
node.4513	1
node.4514	1
node.4515	155
node.4516	1
node.4517	1
node.4518	130
node.4519	1
node.4520	225
node.4521	1
node.4522	1
node.4523	1
node.4524	632
node.4525	1
node.4526	1
node.4527	122
node.4528	5
node.4529	152
node.4530	1
node.4531	1
node.4532	653
node.4533	1
node.4534	17
node.4535	1
node.4536	1
node.4537	1
node.4538	298
node.4539	1
node.4540	1
node.4541	97
node.4542	1
node.4543	1
node.4544	127
node.4545	1
node.4546	1
node.4547	38
node.4548	1
node.4549	1
node.4550	160
node.4551	1
node.4552	1
node.4553	163
node.4554	1
node.4555	82
node.4556	1
node.4557	1
node.4558	3
node.4559	5
node.4560	1
node.4561	1
node.4562	1
node.4563	35
node.4564	1
node.4565	1
node.4566	1
node.4567	1
node.4568	1
node.4569	2
node.4570	1
node.4571	1
node.4572	2
node.4573	1
node.4574	1
node.4575	1
node.4576	16
node.4577	1
node.4578	1
node.4579	9
node.4580	1
node.4581	3
node.4582	1
node.4583	1
node.4584	4
node.4585	1
node.4586	1
node.4587	70
node.4588	1
node.4589	1
node.4590	145
node.4591	1
node.4592	1
node.4593	25
node.4594	1
node.4595	1
node.4596	279
node.4597	1
node.4598	320
node.4599	1
node.4600	1
node.4601	64
node.4602	1
node.4603	1
node.4604	1
node.4605	127
node.4606	1
node.4607	1
node.4608	232
node.4609	1
node.4610	1
node.4611	407
node.4612	1
node.4613	1
node.4614	1
node.4615	8
node.4616	1
node.4617	403
node.4618	2
node.4619	163
node.4620	1
node.4621	1
node.4622	120
node.4623	1
node.4624	1
node.4625	32
node.4626	3
node.4627	127
node.4628	1
node.4629	49
node.4630	1
node.4631	13
node.4632	1
node.4633	23
node.4634	1
node.4635	10
node.4636	11
node.4637	62
node.4638	1
node.4639	111
node.4640	1
node.4641	1
node.4642	1
node.4643	408
node.4644	1
node.4645	48
node.4646	1
node.4647	1
node.4648	1
node.4649	183
node.4650	1
node.4651	1
node.4652	823
node.4653	6
node.4654	84
node.4655	1
node.4656	1
node.4657	188
node.4658	1
node.4659	1
node.4660	221
node.4661	7
node.4662	76
node.4663	1
node.4664	1
node.4665	35
node.4666	1
node.4667	1
node.4668	171
node.4669	1
node.4670	281
node.4671	1
node.4672	1
node.4673	1
node.4674	57
node.4675	1
node.4676	1
node.4677	50
node.4678	1
node.4679	1
node.4680	289
node.4681	459
node.4682	1
node.4683	1
node.4684	10
node.4685	1
node.4686	1
node.4687	1
node.4688	4
node.4689	58
node.4690	1
node.4691	1
node.4692	1
node.4693	697
node.4694	1
node.4695	146
node.4696	1
node.4697	75
node.4698	1
node.4699	1
node.4700	128
node.4701	1
node.4702	1
node.4703	209
node.4704	1
node.4705	1
node.4706	2
node.4707	5
node.4708	1
node.4709	295
node.4710	1
node.4711	1
node.4712	366
node.4713	1
node.4714	1
node.4715	156
node.4716	2
node.4717	29
node.4718	1
node.4719	246
node.4720	1
node.4721	1
node.4722	258
node.4723	1
node.4724	1
node.4725	1
node.4726	45
node.4727	1
node.4728	1
node.4729	1
node.4730	20
node.4731	1
node.4732	39
node.4733	1
node.4734	1
node.4735	6
node.4736	1
node.4737	1
node.4738	284
node.4739	1
node.4740	131
node.4741	1
node.4742	1
node.4743	332
node.4744	1
node.4745	1
node.4746	1
node.4747	203
node.4748	1
node.4749	1
node.4750	1
node.4751	58
node.4752	1
node.4753	259
node.4754	1
node.4755	1
node.4756	1
node.4757	1
node.4758	147
node.4759	1
node.4760	1
node.4761	7
node.4762	238
node.4763	1
node.4764	1
node.4765	176
node.4766	1
node.4767	1
node.4768	1
node.4769	88
node.4770	1
node.4771	1
node.4772	331
node.4773	1
node.4774	1
node.4775	60
node.4776	1
node.4777	1
node.4778	1
node.4779	1
node.4780	27
node.4781	1
node.4782	1
node.4783	1
node.4784	1
node.4785	1
node.4786	1
node.4787	15
node.4788	1
node.4789	1
node.4790	1
node.4791	77
node.4792	1
node.4793	1
node.4794	61
node.4795	1
node.4796	1
node.4797	49
node.4798	4
node.4799	201
node.4800	1
node.4801	1
node.4802	75
node.4803	1
node.4804	1
node.4805	26
node.4806	1
node.4807	1
node.4808	51
node.4809	1
node.4810	1
node.4811	93
node.4812	1
node.4813	1
node.4814	169
node.4815	1
node.4816	1
node.4817	44
node.4818	1
node.4819	1
node.4820	25
node.4821	1
node.4822	1
node.4823	1
node.4824	1
node.4825	213
node.4826	1
node.4827	1
node.4828	496
node.4829	1
node.4830	1
node.4831	45
node.4832	1
node.4833	1
node.4834	220
node.4835	1
node.4836	1
node.4837	76
node.4838	1
node.4839	1
node.4840	61
node.4841	1
node.4842	52
node.4843	1
node.4844	1
node.4845	352
node.4846	1
node.4847	1
node.4848	348
node.4849	1
node.4850	1
node.4851	20
node.4852	1
node.4853	1
node.4854	47
node.4855	1
node.4856	1
node.4857	343
node.4858	1
node.4859	1
node.4860	494
node.4861	1
node.4862	1
node.4863	113
node.4864	1
node.4865	86
node.4866	1
node.4867	1
node.4868	1
node.4869	6
node.4870	1
node.4871	412
node.4872	1
node.4873	1
node.4874	1
node.4875	521
node.4876	1
node.4877	1
node.4878	1
node.4879	8
node.4880	1
node.4881	179
node.4882	1
node.4883	1
node.4884	142
node.4885	1
node.4886	1
node.4887	78
node.4888	1
node.4889	310
node.4890	1
node.4891	12
node.4892	12
node.4893	12
node.4894	12
node.4895	173
node.4896	2
node.4897	73
node.4898	1
node.4899	1
node.4900	135
node.4901	15
node.4902	1
node.4903	4
node.4904	1
node.4905	177
node.4906	1
node.4907	1
node.4908	15
node.4909	1
node.4910	1
node.4911	218
node.4912	1
node.4913	1
node.4914	345
node.4915	1
node.4916	1
node.4917	12
node.4918	10
node.4919	1
node.4920	140
node.4921	1
node.4922	1
node.4923	1
node.4924	9
node.4925	1
node.4926	45
node.4927	1
node.4928	1
node.4929	254
node.4930	1
node.4931	1
node.4932	288
node.4933	1
node.4934	1
node.4935	118
node.4936	1
node.4937	1
node.4938	11
node.4939	1
node.4940	167
node.4941	1
node.4942	1
node.4943	41
node.4944	1
node.4945	1
node.4946	225
node.4947	1
node.4948	1
node.4949	23
node.4950	1
node.4951	31
node.4952	1
node.4953	1
node.4954	588
node.4955	1
node.4956	1
node.4957	83
node.4958	1
node.4959	1
node.4960	71
node.4961	5
node.4962	205
node.4963	1
node.4964	1
node.4965	668
node.4966	1
node.4967	1
node.4968	48
node.4969	1
node.4970	1
node.4971	5
node.4972	1
node.4973	1
node.4974	237
node.4975	1
node.4976	1
node.4977	75
node.4978	1
node.4979	1
node.4980	15
node.4981	1
node.4982	378
node.4983	1
node.4984	1
node.4985	1
node.4986	647
node.4987	1
node.4988	1
node.4989	432
node.4990	1
node.4991	1
node.4992	478
node.4993	1
node.4994	1
node.4995	833
node.4996	1
node.4997	1
node.4998	496
node.4999	1
node.5000	1
node.5001	723
node.5002	1
node.5003	1
node.5004	226
node.5005	1
node.5006	1
node.5007	127
node.5008	1
node.5009	28
node.5010	1
node.5011	1
node.5012	1
node.5013	536
node.5014	1
node.5015	77
node.5016	1
node.5017	1
node.5018	1
node.5019	1
node.5020	86
node.5021	1
node.5022	149
node.5023	1
node.5024	1
node.5025	1
node.5026	6
node.5027	1
node.5028	58
node.5029	1
node.5030	1
node.5031	90
node.5032	1
node.5033	1
node.5034	220
node.5035	1
node.5036	285
node.5037	1
node.5038	1
node.5039	62
node.5040	1
node.5041	1
node.5042	219
node.5043	1
node.5044	1
node.5045	48
node.5046	3
node.5047	3
node.5048	1
node.5049	2
node.5050	1
node.5051	1
node.5052	183
node.5053	1
node.5054	1
node.5055	1
node.5056	1
node.5057	2
node.5058	1
node.5059	1
node.5060	1
node.5061	1
node.5062	1
node.5063	1
node.5064	1
node.5065	1
node.5066	9
node.5067	4
node.5068	1
node.5069	1
node.5070	110
node.5071	1
node.5072	1
node.5073	148
node.5074	1
node.5075	1
node.5076	295
node.5077	1
node.5078	389
node.5079	1
node.5080	1
node.5081	92
node.5082	1
node.5083	149
node.5084	1
node.5085	1
node.5086	216
node.5087	1
node.5088	1
node.5089	523
node.5090	1
node.5091	1
node.5092	91
node.5093	1
node.5094	1
node.5095	43
node.5096	1
node.5097	1
node.5098	38
node.5099	1
node.5100	1
node.5101	393
node.5102	1
node.5103	1
node.5104	32
node.5105	3
node.5106	88
node.5107	1
node.5108	137
node.5109	1
node.5110	1
node.5111	143
node.5112	1
node.5113	1
node.5114	179
node.5115	1
node.5116	4
node.5117	4
node.5118	1
node.5119	1
node.5120	283
node.5121	1
node.5122	1
node.5123	1
node.5124	1
node.5125	1
node.5126	1
node.5127	1
node.5128	2
node.5129	1
node.5130	1
node.5131	1
node.5132	1
node.5133	1
node.5134	1
node.5135	1
node.5136	2
node.5137	1
node.5138	1
node.5139	1
node.5140	2
node.5141	1
node.5142	1
node.5143	1
node.5144	1
node.5145	1
node.5146	5
node.5147	3
node.5148	3
node.5149	1
node.5150	99
node.5151	1
node.5152	1
node.5153	1
node.5154	1
node.5155	1
node.5156	303
node.5157	1
node.5158	1
node.5159	43
node.5160	1
node.5161	1
node.5162	51
node.5163	1
node.5164	1
node.5165	27
node.5166	2
node.5167	13
node.5168	1
node.5169	1
node.5170	64
node.5171	1
node.5172	1
node.5173	174
node.5174	1
node.5175	1
node.5176	1
node.5177	94
node.5178	1
node.5179	463
node.5180	1
node.5181	1
node.5182	1
node.5183	1
node.5184	109
node.5185	1
node.5186	1
node.5187	49
node.5188	1
node.5189	1
node.5190	1
node.5191	1
node.5192	1
node.5193	233
node.5194	1
node.5195	1
node.5196	44
node.5197	1
node.5198	1
node.5199	1
node.5200	5
node.5201	1
node.5202	1
node.5203	57
node.5204	1
node.5205	236
node.5206	1
node.5207	1
node.5208	5
node.5209	1
node.5210	87
node.5211	8
node.5212	1
node.5213	1
node.5214	1
node.5215	1
node.5216	1
node.5217	1
node.5218	1
node.5219	489
node.5220	1
node.5221	1
node.5222	1
node.5223	11
node.5224	1
node.5225	1
node.5226	67
node.5227	1
node.5228	1
node.5229	58
node.5230	1
node.5231	1
node.5232	22
node.5233	1
node.5234	160
node.5235	1
node.5236	1
node.5237	6
node.5238	1
node.5239	1
node.5240	310
node.5241	1
node.5242	1
node.5243	86
node.5244	1
node.5245	1
node.5246	240
node.5247	1
node.5248	1
node.5249	283
node.5250	1
node.5251	1
node.5252	248
node.5253	1
node.5254	1
node.5255	577
node.5256	1
node.5257	1
node.5258	1
node.5259	16
node.5260	1
node.5261	45
node.5262	1
node.5263	1
node.5264	15
node.5265	1
node.5266	1
node.5267	58
node.5268	9
node.5269	1
node.5270	1
node.5271	1
node.5272	1
node.5273	1
node.5274	227
node.5275	1
node.5276	1
node.5277	6
node.5278	1
node.5279	1
node.5280	25
node.5281	1
node.5282	1
node.5283	111
node.5284	1
node.5285	1
node.5286	82
node.5287	1
node.5288	1
node.5289	1
node.5290	1
node.5291	91
node.5292	1
node.5293	1
node.5294	112
node.5295	1
node.5296	1
node.5297	393
node.5298	1
node.5299	1
node.5300	20
node.5301	1
node.5302	1
node.5303	4
node.5304	1
node.5305	1
node.5306	1
node.5307	22
node.5308	332
node.5309	5
node.5310	1
node.5311	1
node.5312	16
node.5313	1
node.5314	1
node.5315	30
node.5316	1
node.5317	1
node.5318	72
node.5319	1
node.5320	1
node.5321	187
node.5322	1
node.5323	1
node.5324	1
node.5325	56
node.5326	1
node.5327	411
node.5328	1
node.5329	1
node.5330	31
node.5331	1
node.5332	101
node.5333	1
node.5334	1
node.5335	1
node.5336	35
node.5337	1
node.5338	1
node.5339	261
node.5340	1
node.5341	1
node.5342	44
node.5343	1
node.5344	1
node.5345	433
node.5346	1
node.5347	1
node.5348	25
node.5349	1
node.5350	1
node.5351	54
node.5352	1
node.5353	1
node.5354	671
node.5355	1
node.5356	1
node.5357	435
node.5358	1
node.5359	11
node.5360	1
node.5361	169
node.5362	1
node.5363	1
node.5364	359
node.5365	1
node.5366	32
node.5367	1
node.5368	140
node.5369	3
node.5370	1
node.5371	272
node.5372	1
node.5373	1
node.5374	1
node.5375	1
node.5376	3
node.5377	731
node.5378	1
node.5379	1
node.5380	414
node.5381	1
node.5382	156
node.5383	4
node.5384	38
node.5385	1
node.5386	1
node.5387	30
node.5388	1
node.5389	18
node.5390	1
node.5391	1
node.5392	1
node.5393	214
node.5394	1
node.5395	1
node.5396	167
node.5397	1
node.5398	1
node.5399	15
node.5400	1
node.5401	1
node.5402	268
node.5403	1
node.5404	1
node.5405	374
node.5406	1
node.5407	1
node.5408	1
node.5409	2
node.5410	1
node.5411	1
node.5412	1
node.5413	1
node.5414	1
node.5415	1
node.5416	110
node.5417	1
node.5418	1
node.5419	11
node.5420	1
node.5421	1
node.5422	12
node.5423	1
node.5424	1
node.5425	246
node.5426	1
node.5427	1
node.5428	32
node.5429	1
node.5430	1
node.5431	50
node.5432	1
node.5433	137
node.5434	1
node.5435	173
node.5436	1
node.5437	1
node.5438	98
node.5439	1
node.5440	1
node.5441	1
node.5442	469
node.5443	1
node.5444	1
node.5445	55
node.5446	1
node.5447	1
node.5448	14
node.5449	1
node.5450	1
node.5451	38
node.5452	1
node.5453	1
node.5454	1
node.5455	81
node.5456	1
node.5457	1075
node.5458	3
node.5459	176
node.5460	1
node.5461	1
node.5462	26
node.5463	1
node.5464	1
node.5465	391
node.5466	1
node.5467	1
node.5468	1
node.5469	1
node.5470	1
node.5471	607
node.5472	1
node.5473	1
node.5474	164
node.5475	1
node.5476	1
node.5477	164
node.5478	1
node.5479	1
node.5480	1
node.5481	29
node.5482	1
node.5483	128
node.5484	4
node.5485	177
node.5486	1
node.5487	1
node.5488	112
node.5489	1
node.5490	1
node.5491	32
node.5492	1
node.5493	1
node.5494	63
node.5495	1
node.5496	1
node.5497	112
node.5498	1
node.5499	1
node.5500	65
node.5501	1
node.5502	1
node.5503	1
node.5504	1
node.5505	137
node.5506	1
node.5507	1
node.5508	82
node.5509	1
node.5510	1
node.5511	40
node.5512	11
node.5513	98
node.5514	25
node.5515	1
node.5516	236
node.5517	1
node.5518	1
node.5519	184
node.5520	1
node.5521	1
node.5522	316
node.5523	1
node.5524	92
node.5525	1
node.5526	4
node.5527	735
node.5528	1
node.5529	1
node.5530	137
node.5531	1
node.5532	1
node.5533	184
node.5534	1
node.5535	1
node.5536	78
node.5537	1
node.5538	1
node.5539	9
node.5540	1
node.5541	1
node.5542	14
node.5543	1
node.5544	1
node.5545	3
node.5546	11
node.5547	1
node.5548	1
node.5549	1
node.5550	1
node.5551	2
node.5552	1
node.5553	1
node.5554	3
node.5555	1
node.5556	1
node.5557	151
node.5558	1
node.5559	42
node.5560	83
node.5561	1
node.5562	1
node.5563	59
node.5564	1
node.5565	1
node.5566	132
node.5567	1
node.5568	1
node.5569	38
node.5570	1
node.5571	1
node.5572	97
node.5573	1
node.5574	1
node.5575	36
node.5576	1
node.5577	59
node.5578	1
node.5579	1
node.5580	1
node.5581	650
node.5582	1
node.5583	343
node.5584	1
node.5585	1
node.5586	1
node.5587	31
node.5588	1
node.5589	155
node.5590	1
node.5591	1
node.5592	18
node.5593	3
node.5594	1
node.5595	1
node.5596	28
node.5597	95
node.5598	1
node.5599	1
node.5600	1
node.5601	4
node.5602	1
node.5603	132
node.5604	1
node.5605	1
node.5606	86
node.5607	1
node.5608	1
node.5609	177
node.5610	1
node.5611	1
node.5612	136
node.5613	1
node.5614	1
node.5615	357
node.5616	1
node.5617	1
node.5618	223
node.5619	1
node.5620	1
node.5621	64
node.5622	1
node.5623	1
node.5624	21
node.5625	7
node.5626	2
node.5627	1
node.5628	1
node.5629	1
node.5630	2
node.5631	2
node.5632	1
node.5633	2
node.5634	1
node.5635	1
node.5636	1
node.5637	2
node.5638	1
node.5639	2
node.5640	1
node.5641	2
node.5642	1
node.5643	3
node.5644	1
node.5645	1
node.5646	1
node.5647	1
node.5648	5
node.5649	1
node.5650	1
node.5651	1
node.5652	2
node.5653	70
node.5654	3
node.5655	166
node.5656	1
node.5657	1
node.5658	1
node.5659	20
node.5660	1
node.5661	58
node.5662	1
node.5663	1
node.5664	72
node.5665	1
node.5666	1
node.5667	351
node.5668	1
node.5669	1
node.5670	80
node.5671	1
node.5672	11
node.5673	1
node.5674	1
node.5675	1
node.5676	157
node.5677	1
node.5678	1
node.5679	80
node.5680	1
node.5681	1
node.5682	6
node.5683	3
node.5684	1
node.5685	1
node.5686	1
node.5687	1
node.5688	1
node.5689	1
node.5690	3
node.5691	1
node.5692	1
node.5693	3
node.5694	1
node.5695	1
node.5696	1
node.5697	1
node.5698	1
node.5699	1
node.5700	1
node.5701	1
node.5702	3
node.5703	1
node.5704	1
node.5705	3
node.5706	1
node.5707	1
node.5708	1
node.5709	1
node.5710	1
node.5711	1
node.5712	1
node.5713	1
node.5714	4
node.5715	9
node.5716	2
node.5717	1
node.5718	28
node.5719	3
node.5720	1
node.5721	1
node.5722	64
node.5723	1
node.5724	1
node.5725	172
node.5726	1
node.5727	1
node.5728	40
node.5729	1
node.5730	1
node.5731	4
node.5732	1
node.5733	1
node.5734	36
node.5735	1
node.5736	1
node.5737	66
node.5738	1
node.5739	1
node.5740	379
node.5741	1
node.5742	1
node.5743	242
node.5744	1
node.5745	1
node.5746	233
node.5747	1
node.5748	1
node.5749	324
node.5750	1
node.5751	1
node.5752	323
node.5753	1
node.5754	1
node.5755	49
node.5756	1
node.5757	152
node.5758	1
node.5759	1
node.5760	76
node.5761	1
node.5762	1
node.5763	37
